{"epoch":2,"_step":2,"val_loss":0.0420273245654767,"train_loss":0.04273829216154871,"val_accuracy":0.9851618705035972,"_timestamp":1.744482405736531e+09,"_wandb":{"runtime":68},"train_accuracy":0.9845050618672666,"_runtime":67.794085,"training_history":{"width":1000,"height":400,"_type":"image-file","sha256":"2af2bbb4e3b2f3327b00ce32b9bfaed342f05b6a0cd44afb869de33c10b6494d","size":46682,"path":"media/images/training_history_2_2af2bbb4e3b2f3327b00.png","format":"png"}}