{
    "train_losses": [
        0.08297771192909728,
        0.043018619811426635
    ],
    "train_acc": [
        0.9721878515185601,
        0.9846456692913386
    ],
    "val_losses": [
        0.05968394344356597,
        0.031905457364662305
    ],
    "val_acc": [
        0.9787544964028777,
        0.9881969424460432
    ]
}