{
    "train_losses": [
        0.08361563783566905,
        0.0419751547904967,
        0.03464773334178699,
        0.029727729828290396,
        0.027392512921549577,
        0.024806333901877864,
        0.022946186849668482,
        0.021002944745131966,
        0.01995647026057184
    ],
    "train_acc": [
        0.9717660292463443,
        0.9852924634420698,
        0.9876546681664792,
        0.9894504258396273,
        0.9899606299212599,
        0.9911136107986501,
        0.9918166479190101,
        0.9923790776152981,
        0.9930258717660293
    ],
    "val_losses": [
        0.04707362257322194,
        0.031673466073675056,
        0.04150569889688386,
        0.023940986934909644,
        0.02568095219883851,
        0.024906495154452906,
        0.03767502684153926,
        0.028036571103963435,
        0.025412832339562135
    ],
    "val_acc": [
        0.982126798561151,
        0.9889838129496403,
        0.9842625899280576,
        0.9913444244604317,
        0.989658273381295,
        0.9917940647482014,
        0.9854991007194245,
        0.9912320143884892,
        0.9914568345323741
    ]
}