{"_timestamp":1.744482738491329e+09,"_runtime":22.395989,"_step":0,"test_loss":0.691514850949212,"test_recall":0.5245219347581552,"test_precision":0.518515984860357,"_wandb":{"runtime":22},"test_accuracy":0.5245219347581552,"test_f1":0.41635088380792323,"confusion_matrix":{"width":800,"height":600,"_type":"image-file","sha256":"a4845fc581e574a0bde7abb31288f73821341a6480d0755c99974017dc0555f5","size":23246,"path":"media/images/confusion_matrix_0_a4845fc581e574a0bde7.png","format":"png"}}