{"accuracy":0.8072435528204295,"loss":0.24935852906356193,"_timestamp":1.74429719406898e+09,"_runtime":1.045572,"_step":7,"_wandb":{"runtime":12}}