{"training_history":{"height":400,"_type":"image-file","sha256":"0bd6893bb0e5011b705687fa470adfbde0ecc155db5d7464afa73a4dea3cbe3b","size":48272,"path":"media/images/training_history_2_0bd6893bb0e5011b7056.png","format":"png","width":1000},"test_precision":0.984416179611359,"val_loss":0.031905457364662305,"_runtime":103.584211,"epoch":2,"train_loss":0.043018619811426635,"_step":4,"confusion_matrix":{"size":17539,"path":"media/images/confusion_matrix_4_dcdbe2f89b0d8df9c6da.png","format":"png","width":800,"height":600,"_type":"image-file","sha256":"dcdbe2f89b0d8df9c6dae01f42d574bb6aa061b7f82d611a9d780a72826f6fa1"},"test_accuracy":0.9844097995545658,"val_accuracy":0.9881969424460432,"train_accuracy":0.9846456692913386,"_wandb":{"runtime":103},"test_f1":0.9844080941571612,"test_loss":0.042572116441908545,"test_recall":0.9844097995545658,"_timestamp":1.744482659333859e+09}